Filename,SUBJID,BODY_SITE,Receptor,CDR3 sequence,length,fraction_tiny,fraction_small,fraction_aromatic,fraction_charged,fraction_positive,fraction_negative,fraction_expanding,fraction_disorder_promoting,molecular_weight,isoelectric_point,ncpr,mean_hydropathy,uversky_hydropathy,ppii_propensity,gravy,aromaticity,kappa,omega,delta,instability_index,secondary_structure_helix,secondary_structure_turn,secondary_structure_sheet,n_term,middle,c_term,region_division_valid,n_term_hydrophobicity,middle_hydrophobicity,c_term_hydrophobicity,hydrophobicity_pattern,has_hydrophobic_c_term,has_lif_motif,target,bbb_score
A-ADC-AD004523-BL-NCR-10AD21815,A-ADC-AD004523,Blood,TRG,CYYKKLF,7,0.142857143,0.142857143,0.428571429,0.285714286,0.285714286,0.0,0.285714286,0.285714286,964.1806,9.112880135,0.285714286,4.314285714,0.479365079,0.325714286,-0.185714286,0.428571429,4.314285714,0.093864723,0.007664399,14.07142857,0.571428571,0.0,0.142857143,YY,KK,LF,True,-1.3,-3.9,3.3,LLH,True,True,0,0.7433452187571781
A-ADC-AD010488-BL-NCR-13AD60499me,A-ADC-AD010488,Blood,TRG,CYYKKLF,7,0.142857143,0.142857143,0.428571429,0.285714286,0.285714286,0.0,0.285714286,0.285714286,964.1806,9.112880135,0.285714286,4.314285714,0.479365079,0.325714286,-0.185714286,0.428571429,4.314285714,0.093864723,0.007664399,14.07142857,0.571428571,0.0,0.142857143,YY,KK,LF,True,-1.3,-3.9,3.3,LLH,True,True,0,0.7433452187571781
A-ADC-AD008064-BL-NCR-11AD43263,A-ADC-AD008064,Blood,TRG,CYYKKLF,7,0.142857143,0.142857143,0.428571429,0.285714286,0.285714286,0.0,0.285714286,0.285714286,964.1806,9.112880135,0.285714286,4.314285714,0.479365079,0.325714286,-0.185714286,0.428571429,4.314285714,0.093864723,0.007664399,14.07142857,0.571428571,0.0,0.142857143,YY,KK,LF,True,-1.3,-3.9,3.3,LLH,True,True,0,0.7433452187571781
A-ADC-AD000001-BL-NCR-09AD19805me,A-ADC-AD000001,Blood,TRG,CYYKKLF,7,0.142857143,0.142857143,0.428571429,0.285714286,0.285714286,0.0,0.285714286,0.285714286,964.1806,9.112880135,0.285714286,4.314285714,0.479365079,0.325714286,-0.185714286,0.428571429,4.314285714,0.093864723,0.007664399,14.07142857,0.571428571,0.0,0.142857143,YY,KK,LF,True,-1.3,-3.9,3.3,LLH,True,True,0,0.7433452187571781
A-WCAP-WC002016-BL-COL-37275BL1rep,A-WCAP-WC002016,Blood,TRG,CYYKKLF,7,0.142857143,0.142857143,0.428571429,0.285714286,0.285714286,0.0,0.285714286,0.285714286,964.1806,9.112880135,0.285714286,4.314285714,0.479365079,0.325714286,-0.185714286,0.428571429,4.314285714,0.093864723,0.007664399,14.07142857,0.571428571,0.0,0.142857143,YY,KK,LF,True,-1.3,-3.9,3.3,LLH,True,True,0,0.7433452187571781
A-ADC-AD002422-BL-NCR-09AD15125,A-ADC-AD002422,Blood,TRG,CYYKKLF,7,0.142857143,0.142857143,0.428571429,0.285714286,0.285714286,0.0,0.285714286,0.285714286,964.1806,9.112880135,0.285714286,4.314285714,0.479365079,0.325714286,-0.185714286,0.428571429,4.314285714,0.093864723,0.007664399,14.07142857,0.571428571,0.0,0.142857143,YY,KK,LF,True,-1.3,-3.9,3.3,LLH,True,True,0,0.7433452187571781
A-ADC-AD002521-BR-NCR-09AD13100,A-ADC-AD002521,Brain,TRG,CYYKKLF,7,0.142857143,0.142857143,0.428571429,0.285714286,0.285714286,0.0,0.285714286,0.285714286,964.1806,9.112880135,0.285714286,4.314285714,0.479365079,0.325714286,-0.185714286,0.428571429,4.314285714,0.093864723,0.007664399,14.07142857,0.571428571,0.0,0.142857143,YY,KK,LF,True,-1.3,-3.9,3.3,LLH,True,True,1,0.7433452187571781
A-ADC-AD009852-BR-NCR-14AD73331me,A-ADC-AD009852,Brain,TRG,CATTKKLF,8,0.5,0.5,0.125,0.25,0.25,0.0,0.25,0.625,911.1199,9.31408596,0.25,4.7125,0.523611111,0.34875,0.2125,0.125,4.7125,0.110375627,0.012222222,-1.8625,0.25,0.0,0.25,AT,TKK,LF,True,0.55,-2.8333333333333335,3.3,HLH,True,True,1,0.7351015733477639
A-ADC-AD001960-BR-NCR-08AD8027,A-ADC-AD001960,Brain,TRG,CATWKKLF,8,0.375,0.375,0.25,0.25,0.25,0.0,0.25,0.5,996.2259,9.31408596,0.25,4.6875,0.520833333,0.34,0.1875,0.25,4.6875,0.110375627,0.012222222,-20.65,0.375,0.0,0.25,AT,WKK,LF,True,0.55,-2.9,3.3,HLH,True,True,1,0.6741119445973515
A-ADC-AD002783-BR-NCR-08AD11173,A-ADC-AD002783,Brain,TRA,CDNNNVMRF,9,0.111111111,0.666666667,0.111111111,0.222222222,0.111111111,0.111111111,0.222222222,0.222222222,1112.2399,5.829372978,0.0,3.711111111,0.412345679,0.295555556,-0.788888889,0.111111111,3.711111111,0.209237302,0.029888889,21.91111111,0.222222222,0.333333333,0.111111111,DN,NNVM,RF,True,-3.5,-0.22499999999999998,-0.8500000000000001,LLL,False,True,1,0.6767225108716253
A-ADC-AD003783-BL-NCR-09AD16527,A-ADC-AD003783,Blood,TRA,CDNSNDMRF,9,0.222222222,0.666666667,0.111111111,0.333333333,0.111111111,0.222222222,0.333333333,0.444444444,1101.171,4.207813454,-0.111111111,3.155555556,0.350617284,0.282222222,-1.344444444,0.111111111,3.155555556,0.049766543,0.041050754,21.91111111,0.111111111,0.333333333,0.111111111,DN,SNDM,RF,True,-3.5,-1.475,-0.8500000000000001,LLL,False,True,0,0.7390695636089688
A-ADC-AD003764-BL-NCR-09AD16275,A-ADC-AD003764,Blood,TRA,CDNNNDMRF,9,0.111111111,0.666666667,0.111111111,0.333333333,0.111111111,0.222222222,0.333333333,0.333333333,1128.1963,4.207813454,-0.111111111,2.855555556,0.317283951,0.285555556,-1.644444444,0.111111111,2.855555556,0.049766543,0.041050754,21.91111111,0.111111111,0.333333333,0.111111111,DN,NNDM,RF,True,-3.5,-2.15,-0.8500000000000001,LLL,False,True,0,0.7719042768888691
A-ADC-AD004917-BR-NCR-08AD9797me,A-ADC-AD004917,Brain,TRA,CDNNNDMRF,9,0.111111111,0.666666667,0.111111111,0.333333333,0.111111111,0.222222222,0.333333333,0.333333333,1128.1963,4.207813454,-0.111111111,2.855555556,0.317283951,0.285555556,-1.644444444,0.111111111,2.855555556,0.049766543,0.041050754,21.91111111,0.111111111,0.333333333,0.111111111,DN,NNDM,RF,True,-3.5,-2.15,-0.8500000000000001,LLL,False,True,1,0.7719042768888691
A-ADC-AD006663-BL-NCR-09AD17844,A-ADC-AD006663,Blood,TRA,CDNNNDMRF,9,0.111111111,0.666666667,0.111111111,0.333333333,0.111111111,0.222222222,0.333333333,0.333333333,1128.1963,4.207813454,-0.111111111,2.855555556,0.317283951,0.285555556,-1.644444444,0.111111111,2.855555556,0.049766543,0.041050754,21.91111111,0.111111111,0.333333333,0.111111111,DN,NNDM,RF,True,-3.5,-2.15,-0.8500000000000001,LLL,False,True,0,0.7719042768888691
A-ADC-AD008718-BL-NCR-11AD45869,A-ADC-AD008718,Blood,TRA,CDYNNDMRF,9,0.111111111,0.555555556,0.222222222,0.333333333,0.111111111,0.222222222,0.333333333,0.333333333,1177.2669,4.207813454,-0.111111111,3.1,0.344444444,0.283333333,-1.4,0.222222222,3.1,0.049766543,0.041050754,21.91111111,0.222222222,0.222222222,0.111111111,DY,NNDM,RF,True,-2.4,-2.15,-0.8500000000000001,LLL,False,True,0,0.6988927716155673
A-LOAD-LD006382-BR-NCR-03AD5043,A-LOAD-LD006382,Brain,TRA,CDTNNDMRF,9,0.222222222,0.666666667,0.111111111,0.333333333,0.111111111,0.222222222,0.333333333,0.444444444,1115.1976,4.207813454,-0.111111111,3.166666667,0.351851852,0.291111111,-1.333333333,0.111111111,3.166666667,0.049766543,0.041050754,-11.48888889,0.111111111,0.222222222,0.111111111,DT,NNDM,RF,True,-2.1,-2.15,-0.8500000000000001,LLL,False,True,1,0.6669579325941467
A-ADC-AD000608-BR-NCR-09AD14536,A-ADC-AD000608,Brain,TRA,CDNNNDMRF,9,0.111111111,0.666666667,0.111111111,0.333333333,0.111111111,0.222222222,0.333333333,0.333333333,1128.1963,4.207813454,-0.111111111,2.855555556,0.317283951,0.285555556,-1.644444444,0.111111111,2.855555556,0.049766543,0.041050754,21.91111111,0.111111111,0.333333333,0.111111111,DN,NNDM,RF,True,-3.5,-2.15,-0.8500000000000001,LLL,False,True,1,0.7719042768888691
A-ADC-AD000973-BL-NCR-09AD13837,A-ADC-AD000973,Blood,TRA,CDNNNDMRF,9,0.111111111,0.666666667,0.111111111,0.333333333,0.111111111,0.222222222,0.333333333,0.333333333,1128.1963,4.207813454,-0.111111111,2.855555556,0.317283951,0.285555556,-1.644444444,0.111111111,2.855555556,0.049766543,0.041050754,21.91111111,0.111111111,0.333333333,0.111111111,DN,NNDM,RF,True,-3.5,-2.15,-0.8500000000000001,LLL,False,True,0,0.7719042768888691
A-ADC-AD000622-BR-NCR-09AD14621,A-ADC-AD000622,Brain,TRA,CDNNNDMRF,9,0.111111111,0.666666667,0.111111111,0.333333333,0.111111111,0.222222222,0.333333333,0.333333333,1128.1963,4.207813454,-0.111111111,2.855555556,0.317283951,0.285555556,-1.644444444,0.111111111,2.855555556,0.049766543,0.041050754,21.91111111,0.111111111,0.333333333,0.111111111,DN,NNDM,RF,True,-3.5,-2.15,-0.8500000000000001,LLL,False,True,1,0.7719042768888691
A-ADC-AD001680-BR-NCR-08AD9725,A-ADC-AD001680,Brain,TRA,CDNNNDMRF,9,0.111111111,0.666666667,0.111111111,0.333333333,0.111111111,0.222222222,0.333333333,0.333333333,1128.1963,4.207813454,-0.111111111,2.855555556,0.317283951,0.285555556,-1.644444444,0.111111111,2.855555556,0.049766543,0.041050754,21.91111111,0.111111111,0.333333333,0.111111111,DN,NNDM,RF,True,-3.5,-2.15,-0.8500000000000001,LLL,False,True,1,0.7719042768888691
A-ADC-AD002166-BR-NCR-08AD8161,A-ADC-AD002166,Brain,TRA,CDNNNDMRF,9,0.111111111,0.666666667,0.111111111,0.333333333,0.111111111,0.222222222,0.333333333,0.333333333,1128.1963,4.207813454,-0.111111111,2.855555556,0.317283951,0.285555556,-1.644444444,0.111111111,2.855555556,0.049766543,0.041050754,21.91111111,0.111111111,0.333333333,0.111111111,DN,NNDM,RF,True,-3.5,-2.15,-0.8500000000000001,LLL,False,True,1,0.7719042768888691
A-ADC-AD002245-BR-NCR-08AD11737,A-ADC-AD002245,Brain,TRG,CGRCYKKLF,9,0.333333333,0.333333333,0.222222222,0.333333333,0.333333333,0.0,0.333333333,0.444444444,1117.3873,9.388998222,0.333333333,4.233333333,0.47037037,0.31,-0.266666667,0.222222222,4.233333333,0.040452989,0.017166667,-0.544444444,0.333333333,0.111111111,0.111111111,GR,CYKK,LF,True,-2.45,-1.65,3.3,LLH,True,True,1,0.7025614998870767
A-ADC-AD013131-BR-NCR-14AD69134,A-ADC-AD013131,Brain,IGL,CTILSGGGW,9,0.666666667,0.666666667,0.111111111,0.0,0.0,0.0,0.0,0.555555556,893.0184,5.518122673,0.0,5.3,0.588888889,0.231111111,0.8,0.111111111,5.3,-1.0,0.0,107.6444444,0.333333333,0.444444444,0.111111111,TI,LSGG,GW,True,1.9,0.55,-0.65,HHL,False,False,1,0.7661105652565309
A-LOAD-LD001254-BL-NCR-8015327276,A-LOAD-LD001254,Blood,IGL,CTIASGGGW,9,0.777777778,0.777777778,0.111111111,0.0,0.0,0.0,0.0,0.666666667,850.9387,5.518122673,0.0,5.077777778,0.564197531,0.245555556,0.577777778,0.111111111,5.077777778,-1.0,0.0,86.24444444,0.222222222,0.444444444,0.111111111,TI,ASGG,GW,True,1.9,0.04999999999999999,-0.65,HHL,False,False,0,0.7361103924680983
A-ADC-AD002486-BR-NCR-09AD13096,A-ADC-AD002486,Brain,IGL,CTIASGGGW,9,0.777777778,0.777777778,0.111111111,0.0,0.0,0.0,0.0,0.666666667,850.9387,5.518122673,0.0,5.077777778,0.564197531,0.245555556,0.577777778,0.111111111,5.077777778,-1.0,0.0,86.24444444,0.222222222,0.444444444,0.111111111,TI,ASGG,GW,True,1.9,0.04999999999999999,-0.65,HHL,False,False,1,0.7361103924680983
A-ADC-AD002735-BR-NCR-08AD11459me,A-ADC-AD002735,Brain,TRA,CCDQNNDMRF,10,0.2,0.6,0.1,0.3,0.1,0.2,0.3,0.4,1245.3658,4.207813454,-0.1,3.27,0.363333333,0.308,-1.23,0.1,3.27,0.06777607,0.038333333,20.72,0.1,0.2,0.1,CD,QNNDM,RF,True,-0.5,-2.42,-0.8500000000000001,LLL,False,True,1,0.7023320226869343
A-ADC-AD004640-BR-NCR-09AD19968,A-ADC-AD004640,Brain,TRA,CVVNNARLMF,10,0.2,0.6,0.1,0.1,0.1,0.0,0.1,0.2,1166.4164,8.249712944,0.1,5.47,0.607777778,0.309,0.97,0.1,5.47,0.653973651,0.007777778,1.46,0.4,0.2,0.3,VV,NNARL,MF,True,4.2,-1.18,2.3499999999999996,HLH,True,True,1,0.7348028476602332
A-ADC-AD009385-BL-NCR-12AD49904,A-ADC-AD009385,Blood,TRA,CAVTQPRLMF,10,0.3,0.5,0.1,0.1,0.1,0.0,0.2,0.5,1165.4285,8.249712944,0.1,5.17,0.574444444,0.401,0.67,0.1,5.17,0.341118977,0.007777778,4.69,0.3,0.1,0.3,AV,TQPRL,MF,True,3.0,-1.3000000000000003,2.3499999999999996,HLH,True,True,0,0.7083279047487144
A-ADC-AD001446-BL-NCR-13AD61994,A-ADC-AD001446,Blood,TRA,CGDNNNDMRF,10,0.2,0.7,0.1,0.3,0.1,0.2,0.3,0.4,1185.2476,4.207813454,-0.1,2.98,0.331111111,0.27,-1.52,0.1,2.98,0.06777607,0.038333333,1.46,0.1,0.4,0.1,GD,NNNDM,RF,True,-1.95,-2.42,-0.8500000000000001,LLL,False,True,0,0.6684199235788446
A-ADC-AD002315-BR-NCR-08AD11637,A-ADC-AD002315,Brain,TRA,CAVSNARLMF,10,0.4,0.6,0.1,0.1,0.1,0.0,0.1,0.4,1111.338,8.249712944,0.1,5.5,0.611111111,0.304,1.0,0.1,5.5,0.653973651,0.007777778,9.0,0.3,0.2,0.4,AV,SNARL,MF,True,3.0,-0.64,2.3499999999999996,HLH,True,True,1,0.6718991265591605
A-ADC-AD005424-BL-NCR-09AD15391,A-ADC-AD005424,Blood,TRG,CAAWDAAKLF,10,0.5,0.6,0.2,0.2,0.1,0.1,0.2,0.6,1095.2708,5.82869091,0.0,5.3,0.588888889,0.325,0.8,0.2,5.3,0.134895253,0.018888889,0.51,0.3,0.0,0.5,AA,WDAAK,LF,True,1.8,-0.9400000000000001,3.3,HLH,True,True,0,0.6913413273740068
A-ADC-AD009852-BR-NCR-14AD73331me,A-ADC-AD009852,Brain,TRG,CAAWGSKKLF,10,0.5,0.5,0.2,0.2,0.2,0.0,0.2,0.6,1110.3285,9.31408596,0.2,4.78,0.531111111,0.314,0.28,0.2,4.78,0.560745984,0.026111111,-9.86,0.3,0.2,0.3,AA,WGSKK,LF,True,1.8,-1.98,3.3,HLH,True,True,1,0.6683526092095323
A-ADC-AD000661-BR-NCR-09AD13569,A-ADC-AD000661,Brain,TRG,CAAWDDKKLF,10,0.3,0.5,0.2,0.4,0.2,0.2,0.4,0.6,1196.3747,5.952713585,0.0,4.2,0.466666667,0.337,-0.3,0.2,4.2,0.099098147,0.02882716,-7.98,0.3,0.0,0.3,AA,WDDKK,LF,True,1.8,-3.14,3.3,HLH,True,True,1,0.7235439076027425
A-ADC-AD002739-BR-NCR-08AD11031,A-ADC-AD002739,Brain,TRA,CAVGGTDKLIF,11,0.454545455,0.636363636,0.090909091,0.181818182,0.090909091,0.090909091,0.181818182,0.545454545,1123.3223,5.82869091,0.0,5.472727273,0.608080808,0.295454545,0.972727273,0.090909091,5.472727273,0.562985983,0.005171958,-10.56363636,0.363636364,0.181818182,0.181818182,AVG,GTDK,LIF,True,1.8666666666666665,-2.125,3.7000000000000006,HLH,True,True,1,0.6750434354626457
A-ADC-AD003574-BL-NCR-09AD13875,A-ADC-AD003574,Blood,TRA,CAVSLDYKLSF,11,0.363636364,0.545454545,0.181818182,0.181818182,0.090909091,0.090909091,0.181818182,0.454545455,1245.4436,5.828008842,0.0,5.281818182,0.586868687,0.295454545,0.781818182,0.181818182,5.281818182,0.318621402,0.013201058,1.372727273,0.454545455,0.181818182,0.272727273,AVS,LDYK,LSF,True,1.7333333333333334,-1.225,1.9333333333333333,HLH,False,True,0,0.6748297516974192
A-ADC-AD004692-BR-NCR-09AD19586,A-ADC-AD004692,Brain,TRA,CAFYNTDKLIF,11,0.272727273,0.454545455,0.272727273,0.181818182,0.090909091,0.090909091,0.181818182,0.363636364,1334.5383,5.828008842,0.0,4.981818182,0.553535354,0.299090909,0.481818182,0.272727273,4.981818182,0.562985983,0.005171958,15.57363636,0.454545455,0.090909091,0.181818182,AFY,NTDK,LIF,True,1.0999999999999999,-2.9,3.7000000000000006,HLH,True,True,1,0.6969104445225257
A-ADC-AD003765-BL-NCR-09AD16459,A-ADC-AD003765,Blood,TRA,CAVASTDKLIF,11,0.454545455,0.636363636,0.090909091,0.181818182,0.090909091,0.090909091,0.181818182,0.545454545,1167.3749,5.82869091,0.0,5.636363636,0.626262626,0.327272727,1.136363636,0.090909091,5.636363636,0.562985983,0.005171958,-6.345454545,0.363636364,0.090909091,0.272727273,AVA,STDK,LIF,True,2.6,-2.225,3.7000000000000006,HLH,True,True,0,0.6845086905432641
A-ADC-AD003249-BR-NCR-09AD15811,A-ADC-AD003249,Brain,TRA,CAVSDKPHDMRF,12,0.25,0.583333333,0.166666667,0.333333333,0.166666667,0.166666667,0.416666667,0.666666667,1405.6015,6.737830544,0.0,3.85,0.427777778,0.376666667,-0.65,0.083333333,3.85,0.038934278,0.003439153,-10.475,0.166666667,0.166666667,0.166666667,AVS,DKPHD,MRF,True,1.7333333333333334,-3.1399999999999997,0.06666666666666658,HLH,False,True,1,0.6767258881455708
A-ADC-AD003149-BL-NCR-09AD15958,A-ADC-AD003149,Blood,TRA,CALGAGSYQLTF,12,0.583333333,0.583333333,0.166666667,0.0,0.0,0.0,0.0,0.583333333,1230.3892,5.517440605,0.0,5.283333333,0.587037037,0.27,0.783333333,0.166666667,5.283333333,-1.0,0.0,12.375,0.333333333,0.25,0.333333333,ALG,AGSYQ,LTF,True,1.7333333333333332,-0.8400000000000001,1.9666666666666666,HLH,False,True,0,0.7070174887537276
A-ADC-AD003415-BL-NCR-09AD18604,A-ADC-AD003415,Blood,TRA,CALTEGAQKLVF,12,0.416666667,0.5,0.083333333,0.166666667,0.083333333,0.083333333,0.166666667,0.583333333,1279.5047,5.994262886,0.0,5.225,0.580555556,0.3325,0.725,0.083333333,5.225,0.1194568,0.027420635,11.06666667,0.333333333,0.083333333,0.416666667,ALT,EGAQK,LVF,True,1.633333333333333,-1.9,3.6,HLH,True,True,0,0.6894127827190347
A-ADC-AD004390-BL-NCR-09AD21303,A-ADC-AD004390,Blood,TRA,CAVEGTASKLTF,12,0.583333333,0.666666667,0.083333333,0.166666667,0.083333333,0.083333333,0.166666667,0.666666667,1226.3991,5.994262886,0.0,5.075,0.563888889,0.315,0.575,0.083333333,5.075,0.047028147,0.031904762,5.3,0.25,0.166666667,0.333333333,AVE,GTASK,LTF,True,0.8333333333333334,-0.8,1.9666666666666666,HLH,False,True,0,0.69060559886627
A-ADC-AD005938-BL-NCR-09AD19704,A-ADC-AD005938,Blood,TRA,CAEFGGAQKLVF,12,0.416666667,0.5,0.166666667,0.166666667,0.083333333,0.083333333,0.166666667,0.583333333,1269.4683,5.994262886,0.0,5.166666667,0.574074074,0.310833333,0.666666667,0.166666667,5.166666667,0.091627582,0.031388889,5.3,0.333333333,0.166666667,0.333333333,AEF,GGAQK,LVF,True,0.36666666666666664,-1.28,3.6,HLH,True,True,0,0.7170214220695534
A-ADC-AD006483-BL-NCR-09AD16640me,A-ADC-AD006483,Blood,TRA,CAVRDGDYKLSF,12,0.333333333,0.583333333,0.166666667,0.333333333,0.166666667,0.166666667,0.333333333,0.583333333,1373.5331,5.952713585,0.0,4.266666667,0.474074074,0.298333333,-0.233333333,0.166666667,4.266666667,0.02273078,0.003994709,2.091666667,0.333333333,0.166666667,0.166666667,AVR,DGDYK,LSF,True,0.5,-2.5200000000000005,1.9333333333333333,HLH,False,True,0,0.740351535223629
A-ADC-AD008795-BL-NCR-12AD49257,A-ADC-AD008795,Blood,TRA,CALPFGNEKLTF,12,0.333333333,0.5,0.166666667,0.166666667,0.083333333,0.083333333,0.25,0.5,1339.5582,5.994262886,0.0,4.825,0.536111111,0.345,0.325,0.166666667,4.825,0.08945731,0.004484127,37.4,0.333333333,0.25,0.333333333,ALP,FGNEK,LTF,True,1.3333333333333333,-1.7,1.9666666666666666,HLH,False,True,0,0.7105329100687388
A-ADC-AD008307-BL-NCR-10AD22700,A-ADC-AD008307,Blood,TRA,CAVEGANSKLTF,12,0.5,0.666666667,0.083333333,0.166666667,0.083333333,0.083333333,0.166666667,0.583333333,1239.3978,5.994262886,0.0,4.841666667,0.537962963,0.310833333,0.341666667,0.083333333,4.841666667,0.047028147,0.031904762,5.3,0.25,0.25,0.333333333,AVE,GANSK,LTF,True,0.8333333333333334,-1.36,1.9666666666666666,HLH,False,True,0,0.715591313249725
A-ADC-AD008705-BL-NCR-11AD47541,A-ADC-AD008705,Blood,TRA,CAVQEGAQKLVF,12,0.333333333,0.5,0.083333333,0.166666667,0.083333333,0.083333333,0.166666667,0.583333333,1292.5034,5.994262886,0.0,5.025,0.558333333,0.3625,0.525,0.083333333,5.025,0.1194568,0.027420635,11.06666667,0.333333333,0.083333333,0.333333333,AVQ,EGAQK,LVF,True,0.8333333333333334,-1.9,3.6,HLH,True,True,0,0.7068006905145401
A-ADC-AD009202-BL-NCR-12AD49156,A-ADC-AD009202,Blood,TRA,CAVRDSDYKLSF,12,0.333333333,0.583333333,0.166666667,0.333333333,0.166666667,0.166666667,0.333333333,0.583333333,1403.5591,5.952713585,0.0,4.233333333,0.47037037,0.3075,-0.266666667,0.166666667,4.233333333,0.02273078,0.003994709,18.14166667,0.333333333,0.166666667,0.166666667,AVR,DSDYK,LSF,True,0.5,-2.6,1.9333333333333333,HLH,False,True,0,0.6865121784733327
A-ADC-AD008139-BL-NCR-11AD44268,A-ADC-AD008139,Blood,TRA,CAASKDTDKLIF,12,0.416666667,0.583333333,0.083333333,0.333333333,0.166666667,0.166666667,0.333333333,0.666666667,1311.5036,5.952713585,0.0,4.575,0.508333333,0.339166667,0.075,0.083333333,4.575,0.029692931,0.003496473,-17.50833333,0.25,0.083333333,0.25,AAS,KDTDK,LIF,True,0.9333333333333332,-3.1,3.7000000000000006,HLH,True,True,0,0.6711556342032027
A-ADC-AD009310-BL-NCR-11AD46908,A-ADC-AD009310,Blood,TRA,CAVETSGSRLTF,12,0.583333333,0.666666667,0.083333333,0.166666667,0.083333333,0.083333333,0.166666667,0.666666667,1270.4119,5.994944954,0.0,4.808333333,0.534259259,0.289166667,0.308333333,0.083333333,4.808333333,0.047028147,0.031904762,35.5,0.25,0.25,0.25,AVE,TSGSR,LTF,True,0.8333333333333334,-1.44,1.9666666666666666,HLH,False,True,0,0.6698386396022086
A-ADC-AD007717-BL-NCR-11AD41158,A-ADC-AD007717,Blood,TRA,CALSSNDYKLSF,12,0.416666667,0.583333333,0.166666667,0.166666667,0.083333333,0.083333333,0.166666667,0.5,1347.4925,5.828008842,0.0,4.508333333,0.500925926,0.280833333,0.008333333,0.166666667,4.508333333,0.508552408,0.011468254,18.14166667,0.333333333,0.333333333,0.25,ALS,SNDYK,LSF,True,1.5999999999999999,-2.6,1.9333333333333333,HLH,False,True,0,0.6932028790400164
A-ADC-AD000123-BR-NCR-09AD14665,A-ADC-AD000123,Brain,TRA,CAVRDGDYKLSF,12,0.333333333,0.583333333,0.166666667,0.333333333,0.166666667,0.166666667,0.333333333,0.583333333,1373.5331,5.952713585,0.0,4.266666667,0.474074074,0.298333333,-0.233333333,0.166666667,4.266666667,0.02273078,0.003994709,2.091666667,0.333333333,0.166666667,0.166666667,AVR,DGDYK,LSF,True,0.5,-2.5200000000000005,1.9333333333333333,HLH,False,True,1,0.740351535223629
A-ADC-AD001231-BR-NCR-09AD13259,A-ADC-AD001231,Brain,TRA,CAASEYGNKLAF,12,0.5,0.583333333,0.166666667,0.166666667,0.083333333,0.083333333,0.166666667,0.583333333,1273.414,5.993580818,0.0,4.591666667,0.510185185,0.303333333,0.091666667,0.166666667,4.591666667,0.1194568,0.027420635,23.725,0.25,0.25,0.416666667,AAS,EYGNK,LAF,True,0.9333333333333332,-2.52,2.7999999999999994,HLH,True,True,1,0.7452832289102256
A-ADC-AD001231-BR-NCR-09AD13259,A-ADC-AD001231,Brain,TRA,CAASEYGNKLVF,12,0.416666667,0.583333333,0.166666667,0.166666667,0.083333333,0.083333333,0.166666667,0.5,1301.4671,5.993580818,0.0,4.791666667,0.532407407,0.305,0.291666667,0.166666667,4.791666667,0.1194568,0.027420635,23.725,0.333333333,0.25,0.333333333,AAS,EYGNK,LVF,True,0.9333333333333332,-2.52,3.6,HLH,True,True,1,0.7646242796071019
A-ADC-AD000608-BR-NCR-09AD14536,A-ADC-AD000608,Brain,TRA,CNEREGANNLFF,12,0.25,0.5,0.166666667,0.25,0.083333333,0.166666667,0.25,0.416666667,1413.5141,4.53139782,-0.083333333,3.775,0.419444444,0.28,-0.725,0.166666667,3.775,0.612223639,0.004038801,2.091666667,0.25,0.333333333,0.333333333,NER,EGANN,LFF,True,-3.8333333333333335,-1.8199999999999998,3.133333333333333,LLH,True,True,1,0.7042903927111268
A-ADC-AD000478-BR-NCR-09AD12816,A-ADC-AD000478,Brain,TRA,CAGLGTGNQFYF,12,0.5,0.583333333,0.25,0.0,0.0,0.0,0.0,0.5,1277.4041,5.517440605,0.0,4.791666667,0.532407407,0.246666667,0.291666667,0.25,4.791666667,-1.0,0.0,2.5425,0.333333333,0.333333333,0.166666667,AGL,GTGNQ,FYF,True,1.7333333333333332,-1.7,1.4333333333333333,HLH,True,True,1,0.724051573688081
A-ADC-AD000526-BR-NCR-09AD12922,A-ADC-AD000526,Brain,TRA,CAVDQAGTALIF,12,0.5,0.666666667,0.083333333,0.083333333,0.0,0.083333333,0.083333333,0.583333333,1208.3837,4.050028419,-0.083333333,5.758333333,0.639814815,0.319166667,1.258333333,0.083333333,5.758333333,0.965909286,0.008611111,-10.43333333,0.333333333,0.083333333,0.333333333,AVD,QAGTA,LIF,True,0.8333333333333334,-0.19999999999999996,3.7000000000000006,HLH,True,True,1,0.7170812080151941
A-ADC-AD002276-BR-NCR-08AD11688,A-ADC-AD002276,Brain,TRA,CAATNRDDKIIF,12,0.333333333,0.583333333,0.083333333,0.333333333,0.166666667,0.166666667,0.333333333,0.583333333,1366.5423,5.953395653,0.0,4.358333333,0.484259259,0.339166667,-0.141666667,0.083333333,4.358333333,0.187382893,0.0054806,-17.50833333,0.25,0.083333333,0.166666667,AAT,NRDDK,IIF,True,0.9666666666666668,-3.78,3.9333333333333336,HLH,True,True,1,0.6725654902848038
A-ADC-AD002343-BR-NCR-08AD11691,A-ADC-AD002343,Brain,TRA,CAVGGGDYKLSF,12,0.5,0.666666667,0.166666667,0.166666667,0.083333333,0.083333333,0.166666667,0.583333333,1216.3626,5.828008842,0.0,4.866666667,0.540740741,0.263333333,0.366666667,0.166666667,4.866666667,0.508552408,0.011468254,15.58333333,0.333333333,0.333333333,0.166666667,AVG,GGDYK,LSF,True,1.8666666666666665,-1.9,1.9333333333333333,HLH,False,True,1,0.7675610429490929
A-ADC-AD002632-BR-NCR-08AD10786,A-ADC-AD002632,Brain,TRB,CASSVRTGELFF,12,0.5,0.583333333,0.166666667,0.166666667,0.083333333,0.083333333,0.166666667,0.583333333,1316.4818,5.994944954,0.0,5.1,0.566666667,0.276666667,0.6,0.166666667,5.1,0.268935002,0.020436508,11.85833333,0.333333333,0.25,0.25,ASS,VRTGE,LFF,True,0.06666666666666665,-0.9800000000000001,3.133333333333333,HLH,True,True,1,0.7463940385246737
A-ADC-AD003173-BL-NCR-09AD15922,A-ADC-AD003173,Blood,TRA,CAVNNNAGNMLTF,13,0.384615385,0.769230769,0.076923077,0.0,0.0,0.0,0.0,0.307692308,1368.538,5.518122673,0.0,4.784615385,0.531623932,0.283076923,0.284615385,0.076923077,4.784615385,-1.0,0.0,12.19230769,0.230769231,0.384615385,0.307692308,AVN,NNAGNM,LTF,True,0.8333333333333334,-1.2000000000000002,1.9666666666666666,HLH,False,True,0,0.7024310372127265
A-ADC-AD002678-BR-NCR-08AD10787,A-ADC-AD002678,Brain,TRA,CAVMDTGRRALTF,13,0.461538462,0.615384615,0.076923077,0.230769231,0.153846154,0.076923077,0.230769231,0.615384615,1440.6903,8.249519539,0.076923077,4.846153846,0.538461538,0.306153846,0.346153846,0.076923077,4.846153846,0.116901059,0.050633721,44.69230769,0.230769231,0.076923077,0.307692308,AVM,DTGRRA,LTF,True,2.6333333333333333,-1.9666666666666668,1.9666666666666666,HLH,False,True,1,0.7165264552675193
A-ADC-AD003517-BL-NCR-09AD16978,A-ADC-AD003517,Blood,TRA,CAAMNSGYSTLTF,13,0.615384615,0.692307692,0.153846154,0.0,0.0,0.0,0.0,0.538461538,1365.5309,5.517440605,0.0,4.992307692,0.554700855,0.271538462,0.492307692,0.153846154,4.992307692,-1.0,0.0,12.19230769,0.230769231,0.307692308,0.307692308,AAM,NSGYST,LTF,True,1.8333333333333333,-1.25,1.9666666666666666,HLH,False,True,0,0.6809231056989458
A-ADC-AD006219-BL-NCR-11AD35842,A-ADC-AD006219,Blood,TRA,CAVEYQGAQKLVF,13,0.307692308,0.461538462,0.153846154,0.153846154,0.076923077,0.076923077,0.153846154,0.538461538,1455.6766,5.993580818,0.0,4.884615385,0.542735043,0.353846154,0.384615385,0.153846154,4.884615385,0.096817081,0.031666667,-3.830769231,0.384615385,0.076923077,0.307692308,AVE,YQGAQK,LVF,True,0.8333333333333334,-1.8,3.6,HLH,True,True,0,0.6887866403022862
A-ADC-AD007284-BL-NCR-11AD38076,A-ADC-AD007284,Blood,TRA,CVVSEAAGNKLTF,13,0.461538462,0.692307692,0.076923077,0.153846154,0.076923077,0.076923077,0.153846154,0.538461538,1338.5288,5.994262886,0.0,5.138461538,0.570940171,0.316923077,0.638461538,0.076923077,5.138461538,0.070950429,0.032152778,32.89230769,0.307692308,0.230769231,0.307692308,VVS,EAAGNK,LTF,True,2.5333333333333337,-1.2833333333333332,1.9666666666666666,HLH,False,True,0,0.6673098334251576
A-ADC-AD009081-BL-NCR-11AD47191,A-ADC-AD009081,Blood,TRA,CAASAQGNYQLIW,13,0.461538462,0.538461538,0.153846154,0.0,0.0,0.0,0.0,0.538461538,1424.5798,5.517440605,0.0,4.676923077,0.51965812,0.322307692,0.176923077,0.153846154,4.676923077,-1.0,0.0,2.7,0.307692308,0.230769231,0.307692308,AAS,AQGNYQ,LIW,True,0.9333333333333332,-1.7333333333333332,2.466666666666667,HLH,True,True,0,0.6733933744695055
A-ADC-AD013432-BL-NCR-15AD81902,A-ADC-AD013432,Blood,TRA,CAMTDRGSEKLVF,13,0.384615385,0.538461538,0.076923077,0.307692308,0.153846154,0.153846154,0.307692308,0.615384615,1456.6864,6.062583351,0.0,4.476923077,0.497435897,0.317692308,-0.023076923,0.076923077,4.476923077,0.027539365,0.003101852,2.969230769,0.230769231,0.153846154,0.307692308,AMT,DRGSEK,LVF,True,1.0,-2.766666666666667,3.6,HLH,True,True,0,0.7193242451898543
A-MARS-MR000034-BL-NCR-17AD86977,A-MARS-MR000034,Blood,TRA,CAALNFGNEKLTF,13,0.384615385,0.538461538,0.153846154,0.153846154,0.076923077,0.076923077,0.153846154,0.461538462,1427.6235,5.994262886,0.0,4.792307692,0.532478632,0.290769231,0.292307692,0.153846154,4.792307692,0.830754644,0.003958333,-5.9,0.307692308,0.230769231,0.384615385,AAL,NFGNEK,LTF,True,2.466666666666667,-2.0,1.9666666666666666,HLH,False,True,0,0.6754180714857724
A-ADC-AD000112-BR-NCR-09AD13410,A-ADC-AD000112,Brain,TRA,CAVSGAAGNKLTF,13,0.615384615,0.769230769,0.076923077,0.076923077,0.076923077,0.0,0.076923077,0.615384615,1238.413,8.222249413,0.076923077,5.192307692,0.576923077,0.293076923,0.692307692,0.076923077,5.192307692,0.976727784,0.00850263,17.34615385,0.230769231,0.307692308,0.307692308,AVS,GAAGNK,LTF,True,1.7333333333333334,-0.7666666666666666,1.9666666666666666,HLH,False,True,1,0.7262441336796325
A-ADC-AD000038-BR-NCR-09AD14656,A-ADC-AD000038,Brain,TRA,CAALSYNTDKLIF,13,0.384615385,0.538461538,0.153846154,0.153846154,0.076923077,0.076923077,0.153846154,0.461538462,1458.6773,5.828008842,0.0,5.061538462,0.562393162,0.305384615,0.561538462,0.153846154,5.061538462,0.830754644,0.003958333,-10.36153846,0.384615385,0.153846154,0.307692308,AAL,SYNTDK,LIF,True,2.466666666666667,-2.2833333333333337,3.7000000000000006,HLH,True,True,1,0.7566449858636969
A-ADC-AD000763-BL-NCR-09AD14931,A-ADC-AD000763,Blood,TRA,CAASKLGDYKLSF,13,0.461538462,0.538461538,0.153846154,0.230769231,0.153846154,0.076923077,0.230769231,0.615384615,1402.6141,8.175316429,0.076923077,4.646153846,0.516239316,0.301538462,0.146153846,0.153846154,4.646153846,0.107370715,0.009685834,-3.830769231,0.307692308,0.230769231,0.307692308,AAS,KLGDYK,LSF,True,0.9333333333333332,-1.5333333333333332,1.9333333333333333,HLH,False,True,0,0.6817514272061302
A-ADC-AD000530-BR-NCR-09AD13016,A-ADC-AD000530,Brain,TRA,CAGAWNSGYALNF,13,0.538461538,0.692307692,0.230769231,0.0,0.0,0.0,0.0,0.461538462,1373.4915,5.517440605,0.0,4.784615385,0.531623932,0.254615385,0.284615385,0.230769231,4.784615385,-1.0,0.0,12.31538462,0.307692308,0.384615385,0.307692308,AGA,WNSGYA,LNF,True,1.0666666666666667,-0.8500000000000001,1.0333333333333332,HLH,False,True,1,0.7716520308904841
A-ADC-AD001923-BR-NCR-08AD8001,A-ADC-AD001923,Brain,TRA,CAVGYNAGNMLTF,13,0.461538462,0.692307692,0.153846154,0.0,0.0,0.0,0.0,0.384615385,1360.5573,5.517440605,0.0,5.192307692,0.576923077,0.270769231,0.692307692,0.153846154,5.192307692,-1.0,0.0,-0.869230769,0.307692308,0.307692308,0.307692308,AVG,YNAGNM,LTF,True,1.8666666666666665,-0.8333333333333334,1.9666666666666666,HLH,False,True,1,0.7798189799709877
A-ADC-AD002404-BL-NCR-09AD13268me,A-ADC-AD002404,Blood,TRA,CAATFEGAQKLVF,13,0.461538462,0.538461538,0.153846154,0.153846154,0.076923077,0.076923077,0.153846154,0.615384615,1384.5988,5.994262886,0.0,5.230769231,0.581196581,0.33,0.730769231,0.153846154,5.230769231,0.214446438,0.025972222,5.661538462,0.307692308,0.076923077,0.384615385,AAT,FEGAQK,LVF,True,0.9666666666666668,-1.1166666666666665,3.6,HLH,True,True,0,0.6818339192335153
A-ADC-AD002638-BR-NCR-08AD10539,A-ADC-AD002638,Brain,TRA,CLVGDYNTDKLIF,13,0.230769231,0.538461538,0.153846154,0.230769231,0.076923077,0.153846154,0.230769231,0.384615385,1500.7139,4.207813454,-0.076923077,4.869230769,0.541025641,0.293076923,0.369230769,0.153846154,4.869230769,0.105887029,0.024513113,-2.076923077,0.461538462,0.153846154,0.153846154,LVG,DYNTDK,LIF,True,2.533333333333333,-2.733333333333333,3.7000000000000006,HLH,True,True,1,0.6674854486369209
A-ADC-AD002239-BR-NCR-09AD12809,A-ADC-AD002239,Brain,TRA,CAILTGGGNKLTF,13,0.538461538,0.615384615,0.076923077,0.076923077,0.076923077,0.0,0.076923077,0.538461538,1294.5193,8.222249413,0.076923077,5.207692308,0.578632479,0.270769231,0.707692308,0.076923077,5.207692308,0.976727784,0.00850263,51.14615385,0.307692308,0.307692308,0.230769231,AIL,TGGGNK,LTF,True,3.3666666666666667,-1.55,1.9666666666666666,HLH,False,True,1,0.6728805329911799
A-ADC-AD002400-BL-NCR-09AD13311,A-ADC-AD002400,Blood,TRA,CAALTYNTDKLIF,13,0.384615385,0.538461538,0.153846154,0.153846154,0.076923077,0.076923077,0.153846154,0.461538462,1472.7039,5.828008842,0.0,5.069230769,0.563247863,0.311538462,0.569230769,0.153846154,5.069230769,0.830754644,0.003958333,-10.36153846,0.384615385,0.076923077,0.307692308,AAL,TYNTDK,LIF,True,2.466666666666667,-2.2666666666666666,3.7000000000000006,HLH,True,True,0,0.7566449858636969
A-ADC-AD002515-BR-NCR-09AD13361,A-ADC-AD002515,Brain,TRA,CALSETGFQKLVF,13,0.384615385,0.461538462,0.153846154,0.153846154,0.076923077,0.076923077,0.153846154,0.538461538,1442.6779,5.994262886,0.0,5.184615385,0.576068376,0.31,0.684615385,0.153846154,5.184615385,0.070950429,0.032152778,10.98461538,0.384615385,0.153846154,0.307692308,ALS,ETGFQK,LVF,True,1.5999999999999999,-1.5333333333333334,3.6,HLH,True,True,1,0.7362960121803853
A-ADC-AD004808-BR-NCR-09AD19998me,A-ADC-AD004808,Brain,TRB,CSARDIQGREQYF,13,0.307692308,0.384615385,0.153846154,0.307692308,0.153846154,0.153846154,0.307692308,0.692307692,1572.7005,6.062526512,0.0,3.430769231,0.381196581,0.333846154,-1.069230769,0.153846154,3.430769231,0.022870015,0.000385802,18.24615385,0.230769231,0.153846154,0.153846154,SAR,DIQGRE,QYF,True,-1.1666666666666667,-1.8166666666666667,-0.6666666666666666,LLL,True,True,1,0.7287058699311986
A-ADC-AD009854-BR-NCR-14AD73329me,A-ADC-AD009854,Brain,TRB,CASKPGASYEQYF,13,0.461538462,0.538461538,0.230769231,0.153846154,0.076923077,0.076923077,0.230769231,0.692307692,1450.5708,5.992841911,0.0,3.869230769,0.42991453,0.367692308,-0.630769231,0.230769231,3.869230769,0.086994547,0.031666667,0.115384615,0.230769231,0.307692308,0.230769231,ASK,PGASYE,QYF,True,-0.9666666666666667,-0.9666666666666667,-0.6666666666666666,LLL,True,True,1,0.703071706304747
A-MAP-MA000008-BL-RUS-283,A-MAP-MA000008,Blood,TRB,CSAAGTVNEKLFF,13,0.461538462,0.615384615,0.153846154,0.153846154,0.076923077,0.076923077,0.153846154,0.538461538,1386.5716,5.994262886,0.0,5.030769231,0.558974359,0.3,0.530769231,0.153846154,5.030769231,0.830754644,0.003958333,-3.830769231,0.307692308,0.230769231,0.307692308,SAA,GTVNEK,LFF,True,0.9333333333333332,-1.3,3.133333333333333,HLH,True,True,0,0.7270294957081873
A-ADC-AD001910-BR-NCR-08AD7903,A-ADC-AD001910,Brain,TRB,CATSRGTTGELFF,13,0.615384615,0.615384615,0.153846154,0.153846154,0.076923077,0.076923077,0.153846154,0.692307692,1389.5326,5.994944954,0.0,4.653846154,0.517094017,0.266153846,0.153846154,0.153846154,4.653846154,0.070950429,0.032152778,-1.346153846,0.230769231,0.230769231,0.230769231,ATS,RGTTGE,LFF,True,0.10000000000000002,-1.7000000000000002,3.133333333333333,HLH,True,True,1,0.6967843221985598
A-ADC-AD002292-BR-NCR-08AD11196,A-ADC-AD002292,Brain,TRB,CASSEIREGKLFF,13,0.384615385,0.384615385,0.153846154,0.307692308,0.153846154,0.153846154,0.307692308,0.615384615,1486.6908,6.136019325,0.0,4.561538462,0.506837607,0.306153846,0.061538462,0.153846154,4.561538462,0.056994646,0.010162037,40.61538462,0.307692308,0.230769231,0.307692308,ASS,EIREGK,LFF,True,0.06666666666666665,-1.8833333333333335,3.133333333333333,HLH,True,True,1,0.7602701633245543
A-ADC-AD002161-BR-NCR-08AD8199,A-ADC-AD002161,Brain,TRB,CAISRQGPYEQYF,13,0.307692308,0.384615385,0.230769231,0.153846154,0.076923077,0.076923077,0.230769231,0.615384615,1561.7158,5.993580818,0.0,3.823076923,0.424786325,0.377692308,-0.676923077,0.230769231,3.823076923,0.107370715,0.032152778,42.07692308,0.307692308,0.230769231,0.153846154,AIS,RQGPYE,QYF,True,1.8333333333333333,-2.466666666666667,-0.6666666666666666,HLL,True,True,1,0.6944902201761458
A-ADC-AD008718-BL-NCR-11AD45869,A-ADC-AD008718,Blood,TRG,CATWDGLRRGELF,13,0.384615385,0.461538462,0.153846154,0.307692308,0.153846154,0.153846154,0.307692308,0.615384615,1523.7143,6.063265419,0.0,4.215384615,0.468376068,0.275384615,-0.284615385,0.153846154,4.215384615,0.073875532,0.020733025,44.21538462,0.307692308,0.153846154,0.307692308,ATW,DGLRRG,ELF,True,0.0666666666666667,-1.5833333333333333,1.0333333333333332,HLH,True,True,0,0.698880495034372
A-ROS-RS001004-BR-NCR-11AD40101,A-ROS-RS001004,Brain,TRG,CACWIRHGEEKLF,13,0.307692308,0.307692308,0.230769231,0.307692308,0.153846154,0.153846154,0.307692308,0.538461538,1591.8545,6.738967323,0.0,4.346153846,0.482905983,0.31,-0.153846154,0.153846154,4.346153846,0.181143213,0.013441358,80.83076923,0.307692308,0.076923077,0.307692308,ACW,IRHGEE,KLF,True,1.1333333333333333,-1.7666666666666666,0.8999999999999999,HLH,True,True,1,0.7549587817513671
A-ADC-AD001596-BR-NCR-08AD8850,A-ADC-AD001596,Brain,TRG,CAAWDLGSDKKLF,13,0.384615385,0.538461538,0.153846154,0.307692308,0.153846154,0.153846154,0.307692308,0.615384615,1453.6609,5.952713585,0.0,4.469230769,0.496581197,0.306153846,-0.030769231,0.153846154,4.469230769,0.088954377,0.031442901,-3.830769231,0.307692308,0.153846154,0.307692308,AAW,DLGSDK,KLF,True,0.9,-1.3833333333333335,0.8999999999999999,HLH,True,True,1,0.8316850177385514
A-ADC-AD005044-BR-NCR-09AD15793,A-ADC-AD005044,Brain,TRA,CFLLLCYGNNDMRF,14,0.214285714,0.428571429,0.214285714,0.142857143,0.071428571,0.071428571,0.142857143,0.214285714,1709.0203,5.821870232,0.0,5.014285714,0.557142857,0.251428571,0.514285714,0.214285714,5.014285714,0.860473078,0.00708642,-8.228571429,0.428571429,0.214285714,0.285714286,FLL,LCYGNND,MRF,True,3.4666666666666663,-0.8428571428571429,0.06666666666666658,HLH,False,True,1,0.7339605289998645
A-ADC-AD005718-BL-NCR-09AD20326,A-ADC-AD005718,Blood,TRA,CAVVATGANSKLTF,14,0.571428571,0.785714286,0.071428571,0.071428571,0.071428571,0.0,0.071428571,0.571428571,1381.5966,8.222249413,0.071428571,5.421428571,0.602380952,0.313571429,0.921428571,0.071428571,5.421428571,0.945517243,0.008269589,-0.092857143,0.285714286,0.214285714,0.285714286,AVV,ATGANSK,LTF,True,3.4,-0.8142857142857143,1.9666666666666666,HLH,False,True,0,0.6666673576871
A-ADC-AD009468-BL-NCR-11AD39316,A-ADC-AD009468,Blood,TRA,CAFKMEGGSEKLVF,14,0.357142857,0.428571429,0.142857143,0.285714286,0.142857143,0.142857143,0.285714286,0.571428571,1545.8208,6.135337257,0.0,4.742857143,0.526984127,0.315,0.242857143,0.142857143,4.742857143,0.039300955,0.018344307,38.34285714,0.285714286,0.214285714,0.357142857,AFK,MEGGSEK,LVF,True,0.23333333333333325,-1.5142857142857142,3.6,HLH,True,True,0,0.687149658340885
A-MARS-MR000056-BL-NCR-13AD60856,A-MARS-MR000056,Blood,TRA,CAVGNNNAGNMLTF,14,0.428571429,0.785714286,0.071428571,0.0,0.0,0.0,0.0,0.357142857,1425.5893,5.518122673,0.0,4.735714286,0.526190476,0.272142857,0.235714286,0.071428571,4.735714286,-1.0,0.0,-0.092857143,0.214285714,0.428571429,0.285714286,AVG,NNNAGNM,LTF,True,1.8666666666666665,-1.5285714285714285,1.9666666666666666,HLH,False,True,0,0.6801466553444085
A-ADC-AD000114-BR-NCR-09AD14573,A-ADC-AD000114,Brain,TRA,CAASKTGTASKLTF,14,0.714285714,0.714285714,0.071428571,0.142857143,0.142857143,0.0,0.142857143,0.785714286,1385.5855,9.31408596,0.142857143,4.685714286,0.520634921,0.318571429,0.185714286,0.071428571,4.685714286,0.115471424,0.002773243,-0.092857143,0.142857143,0.214285714,0.285714286,AAS,KTGTASK,LTF,True,0.9333333333333332,-1.2285714285714284,1.9666666666666666,HLH,False,True,1,0.6702231164479439
A-ROS-RS000098-BR-NCR-11AD39710,A-ROS-RS000098,Brain,TRA,CAAPFMEYGNKLVF,14,0.285714286,0.5,0.214285714,0.142857143,0.071428571,0.071428571,0.214285714,0.428571429,1589.8748,5.993580818,0.0,5.028571429,0.558730159,0.353571429,0.528571429,0.214285714,5.028571429,0.087601571,0.023259259,35.52142857,0.357142857,0.214285714,0.357142857,AAP,FMEYGNK,LVF,True,0.6666666666666666,-1.1285714285714286,3.6,HLH,True,True,1,0.6906088797567014
A-ADC-AD001758-BR-NCR-08AD9202,A-ADC-AD001758,Brain,TRA,CAVGPVNRDDKIIF,14,0.214285714,0.642857143,0.071428571,0.285714286,0.142857143,0.142857143,0.357142857,0.5,1546.789,5.953395653,0.0,4.757142857,0.528571429,0.377857143,0.257142857,0.071428571,4.757142857,0.076410777,0.00433059,4.85,0.357142857,0.214285714,0.071428571,AVG,PVNRDDK,IIF,True,1.8666666666666665,-2.3285714285714287,3.9333333333333336,HLH,True,True,1,0.705805796851348
A-ADC-AD003344-BR-NCR-09AD15757,A-ADC-AD003344,Brain,TRA,CAVGNYGGSQGNLIF,15,0.466666667,0.666666667,0.133333333,0.0,0.0,0.0,0.0,0.466666667,1499.6462,5.517440605,0.0,4.86,0.54,0.259333333,0.36,0.133333333,4.86,-1.0,0.0,7.76,0.333333333,0.466666667,0.133333333,AVGN,YGGSQG,NLIF,True,0.5249999999999999,-1.1333333333333335,1.9,HLH,True,True,1,0.7057962807197726
A-ADC-AD002830-BR-NCR-08AD10927me,A-ADC-AD002830,Brain,TRA,CQRMYYCDNNNDMRF,15,0.133333333,0.466666667,0.2,0.266666667,0.133333333,0.133333333,0.266666667,0.333333333,1973.1965,5.945892906,0.0,3.1,0.344444444,0.306,-1.4,0.2,3.1,0.070311869,0.039873737,36.13333333,0.2,0.2,0.133333333,QRMY,YCDNNN,DMRF,True,-1.8499999999999999,-2.1333333333333333,-0.825,LLL,False,True,1,0.9268024531139953
A-ADC-AD002803-BR-NCR-08AD11586,A-ADC-AD002803,Brain,TRA,CAVNPHGSAGNMLTF,15,0.466666667,0.733333333,0.133333333,0.0,0.0,0.0,0.066666667,0.533333333,1518.7159,6.731919289,0.0,4.813333333,0.534814815,0.314,0.313333333,0.066666667,4.813333333,0.982604591,0.0,3.066666667,0.2,0.4,0.266666667,AVNP,HGSAGN,MLTF,True,0.22499999999999998,-1.0833333333333333,1.9499999999999997,HLH,True,True,1,0.730154013376324
A-ADC-AD006966-BL-NCR-10AD23295,A-ADC-AD006966,Blood,TRA,CQRMYYCDNNNDMRF,15,0.133333333,0.466666667,0.2,0.266666667,0.133333333,0.133333333,0.266666667,0.333333333,1973.1965,5.945892906,0.0,3.1,0.344444444,0.306,-1.4,0.2,3.1,0.070311869,0.039873737,36.13333333,0.2,0.2,0.133333333,QRMY,YCDNNN,DMRF,True,-1.8499999999999999,-2.1333333333333333,-0.825,LLL,False,True,0,0.9268024531139953
A-ADC-AD007443-BL-NCR-09AD17010,A-ADC-AD007443,Blood,TRA,CQRMYYCDNNNDMRF,15,0.133333333,0.466666667,0.2,0.266666667,0.133333333,0.133333333,0.266666667,0.333333333,1973.1965,5.945892906,0.0,3.1,0.344444444,0.306,-1.4,0.2,3.1,0.070311869,0.039873737,36.13333333,0.2,0.2,0.133333333,QRMY,YCDNNN,DMRF,True,-1.8499999999999999,-2.1333333333333333,-0.825,LLL,False,True,0,0.9268024531139953
A-ROS-RS001013-BL-NCR-11AD40032,A-ROS-RS001013,Blood,TRA,CAGLNYGGSQGNLIF,15,0.466666667,0.6,0.133333333,0.0,0.0,0.0,0.0,0.466666667,1513.6728,5.517440605,0.0,4.833333333,0.537037037,0.249333333,0.333333333,0.133333333,4.833333333,-1.0,0.0,19.08,0.333333333,0.466666667,0.2,AGLN,YGGSQG,NLIF,True,0.4249999999999998,-1.1333333333333335,1.9,HLH,True,True,0,0.693975862313657
A-ADC-AD001901-BR-NCR-08AD8055,A-ADC-AD001901,Brain,TRA,CREGATNFGNEKLTF,15,0.4,0.533333333,0.133333333,0.266666667,0.133333333,0.133333333,0.266666667,0.6,1686.8429,6.136019325,0.0,3.773333333,0.419259259,0.294666667,-0.726666667,0.133333333,3.773333333,0.42061109,0.006414141,-19.46,0.2,0.266666667,0.266666667,REGA,TNFGNE,KLTF,True,-1.6500000000000001,-1.4666666666666668,0.49999999999999994,LLH,False,True,1,0.6737781891844254
A-ADC-AD001701-BR-NCR-08AD10479,A-ADC-AD001701,Brain,TRA,CAGLNYGGSQGNLIF,15,0.466666667,0.6,0.133333333,0.0,0.0,0.0,0.0,0.466666667,1513.6728,5.517440605,0.0,4.833333333,0.537037037,0.249333333,0.333333333,0.133333333,4.833333333,-1.0,0.0,19.08,0.333333333,0.466666667,0.2,AGLN,YGGSQG,NLIF,True,0.4249999999999998,-1.1333333333333335,1.9,HLH,True,True,1,0.693975862313657
A-ADC-AD002288-BR-NCR-08AD10497,A-MIA-UM000463,Brain,TRA,CQRMYYCDNNNDMRF,15,0.133333333,0.466666667,0.2,0.266666667,0.133333333,0.133333333,0.266666667,0.333333333,1973.1965,5.945892906,0.0,3.1,0.344444444,0.306,-1.4,0.2,3.1,0.070311869,0.039873737,36.13333333,0.2,0.2,0.133333333,QRMY,YCDNNN,DMRF,True,-1.8499999999999999,-2.1333333333333333,-0.825,LLL,False,True,1,0.9268024531139953
A-ADC-AD002600-BR-NCR-08AD10838,A-ADC-AD002600,Brain,TRA,CSRMYYCDNNNDMRF,15,0.2,0.533333333,0.2,0.266666667,0.133333333,0.133333333,0.266666667,0.333333333,1932.1446,5.945892906,0.0,3.28,0.364444444,0.286666667,-1.22,0.2,3.28,0.070311869,0.039873737,54.0,0.2,0.266666667,0.133333333,SRMY,YCDNNN,DMRF,True,-1.175,-2.1333333333333333,-0.825,LLL,False,True,1,0.8590115992044235
A-ADC-AD002592-BR-NCR-08AD10878,A-ADC-AD002592,Brain,TRA,CQRMYYCDNNNDMRF,15,0.133333333,0.466666667,0.2,0.266666667,0.133333333,0.133333333,0.266666667,0.333333333,1973.1965,5.945892906,0.0,3.1,0.344444444,0.306,-1.4,0.2,3.1,0.070311869,0.039873737,36.13333333,0.2,0.2,0.133333333,QRMY,YCDNNN,DMRF,True,-1.8499999999999999,-2.1333333333333333,-0.825,LLL,False,True,1,0.9268024531139953
A-ADC-AD002580-BR-NCR-08AD10868,A-ADC-AD002580,Brain,TRG,CATWDRPRSYYKKLF,15,0.266666667,0.4,0.266666667,0.333333333,0.266666667,0.066666667,0.4,0.6,1934.2236,9.62682209,0.2,3.433333333,0.381481481,0.368,-1.066666667,0.266666667,3.433333333,0.028734314,0.038352862,33.96,0.333333333,0.133333333,0.133333333,ATWD,RPRSYY,KKLF,True,-0.825,-2.3333333333333335,-0.30000000000000004,LLL,True,True,1,0.6668773755591498
A-ADC-AD002738-BR-NCR-08AD11015,A-ADC-AD002738,Brain,TRA,CAMSVESGGSNYKLTF,16,0.5,0.625,0.125,0.125,0.0625,0.0625,0.125,0.5625,1693.895,5.993580818,0.0,4.55625,0.50625,0.28625,0.05625,0.125,4.55625,0.281666871,0.027626263,58.99375,0.25,0.375,0.25,AMSV,ESGGSNY,KLTF,True,1.7750000000000001,-1.5285714285714287,0.49999999999999994,HLH,False,True,1,0.6909025410633882
A-ADC-AD004660-BR-NCR-09AD19953,A-ADC-AD004660,Brain,TRA,CAESLHGSSNTGKLIF,16,0.5,0.5625,0.125,0.125,0.0625,0.0625,0.125,0.625,1663.8493,6.739535713,0.0,4.575,0.508333333,0.275625,0.075,0.0625,4.575,0.472078187,0.020505051,5.74375,0.25,0.375,0.25,AESL,HGSSNTG,KLIF,True,0.32499999999999996,-1.4,1.8,HLH,True,True,1,0.7491863333059725
A-ADC-AD001546-BR-NCR-08AD8941,A-ADC-AD001546,Brain,TRA,CAVSAPGGTSYGKLTF,16,0.625,0.75,0.125,0.0625,0.0625,0.0,0.125,0.6875,1558.7534,8.197493553,0.0625,4.86875,0.540972222,0.319375,0.36875,0.125,4.86875,0.281666871,0.007668876,15.6125,0.25,0.375,0.1875,AVSA,PGGTSYG,KLTF,True,1.75,-0.7999999999999999,0.49999999999999994,HLH,False,True,1,0.7134229519223861
A-ADC-AD000454-BR-NCR-09AD13030,A-ADC-AD000454,Brain,TRA,CAVSDNSGGSNYKLTF,16,0.5,0.75,0.125,0.125,0.0625,0.0625,0.125,0.5625,1662.775,5.828008842,0.0,4.21875,0.46875,0.273125,-0.28125,0.125,4.21875,0.323481532,0.026363636,19.49375,0.25,0.4375,0.125,AVSD,NSGGSNY,KLTF,True,0.42500000000000004,-1.5285714285714287,0.49999999999999994,HLH,False,True,1,0.6682559600922889
A-ADC-AD009563-BL-NCR-12AD49262,A-ADC-AD009563,Blood,TRB,CASSLGPKGGTGELFF,16,0.5625,0.625,0.125,0.125,0.0625,0.0625,0.1875,0.6875,1570.7641,5.994262886,0.0,4.7875,0.531944444,0.29625,0.2875,0.125,4.7875,0.306187031,0.02510101,8.49375,0.25,0.4375,0.25,ASSL,GPKGGTG,ELFF,True,1.0,-1.1142857142857145,1.4749999999999999,HLH,True,True,0,0.6848755605570469
A-ADC-AD000290-BR-NCR-09AD15754,A-ADC-AD000290,Brain,TRG,CALWEVEELGKKIKVF,16,0.1875,0.3125,0.125,0.375,0.1875,0.1875,0.375,0.5,1892.2648,6.220936775,0.0,4.75625,0.528472222,0.36,0.25625,0.125,4.75625,0.028628315,0.165145903,23.325,0.4375,0.0625,0.375,ALWE,VEELGKK,IKVF,True,0.2999999999999998,-1.0285714285714285,1.9000000000000001,HLH,True,True,1,0.7350541039518182
A-ADC-AD001197-BR-NCR-09AD13395,A-ADC-AD001197,Brain,TRA,CCCVLLHHLGANSKLTF,17,0.411764706,0.529411765,0.176470588,0.058823529,0.058823529,0.0,0.058823529,0.411764706,1859.2431,7.977720833,0.058823529,5.429411765,0.603267974,0.268235294,0.929411765,0.058823529,5.429411765,0.886820259,0.0073558,2.247058824,0.352941176,0.176470588,0.294117647,CCVL,LHHLGANS,KLTF,True,3.25,-0.2125000000000001,0.49999999999999994,HLH,False,True,1,0.7056465492678852
A-ADC-AD004906-BR-NCR-09AD15701,A-ADC-AD004906,Brain,TRB,CQQLTRNHRDLIYEQYF,17,0.117647059,0.235294118,0.235294118,0.235294118,0.117647059,0.117647059,0.235294118,0.529411765,2227.4574,6.74197979,0.0,3.376470588,0.375163399,0.332352941,-1.123529412,0.176470588,3.376470588,0.1509998,0.0371415,26.02352941,0.352941176,0.058823529,0.176470588,QQLT,RNHRDLIY,EQYF,True,-0.9750000000000001,-1.525,-1.3750000000000002,LLL,True,True,1,0.6733800613291797
A-ADC-AD002515-BR-NCR-09AD13361,A-ADC-AD002515,Brain,TRD,CSKDLGAGGPEGTDKLIF,18,0.444444444,0.611111111,0.055555556,0.277777778,0.111111111,0.166666667,0.333333333,0.722222222,1808.0177,4.558112144,-0.055555556,4.288888889,0.47654321,0.326666667,-0.211111111,0.055555556,4.288888889,0.081850999,0.018540225,7.088888889,0.222222222,0.333333333,0.222222222,SKDLG,AGGPEGT,DKLIF,True,-0.96,-0.742857142857143,0.7399999999999999,LLH,True,True,1,0.6681231286051306
A-ADC-AD001973-BR-NCR-08AD8051,A-ADC-AD001973,Brain,TRA,CCCLLLCCGGPWEADKLIF,19,0.421052632,0.526315789,0.105263158,0.157894737,0.052631579,0.105263158,0.210526316,0.368421053,2087.5709,4.370145607,-0.052631579,5.689473684,0.632163743,0.312105263,1.189473684,0.105263158,5.689473684,0.622421856,0.012751257,11.18421053,0.368421053,0.157894737,0.315789474,CCLLL,CCGGPWEA,DKLIF,True,3.2800000000000002,-8.326672684688674e-17,0.7399999999999999,HLH,True,True,1,0.6765818295662457
A-ADC-AD001807-BR-NCR-08AD9279,A-ADC-AD001807,Brain,TRD,CACDTLRTSTGGPYTDKLIF,20,0.5,0.65,0.1,0.2,0.1,0.1,0.25,0.65,2162.4423,5.945892906,0.0,4.45,0.494444444,0.324,-0.05,0.1,4.45,0.115478416,0.01212963,32.405,0.25,0.2,0.15,ACDTL,RTSTGGPYT,DKLIF,True,0.7799999999999999,-1.2333333333333334,0.7399999999999999,HLH,True,True,1,0.7065367452802973
